sensory	sensory_spatial_audio.png	image6.png
sensory	sensory_led_hint.png	image6.png
sensory	sensory_vibration_feedback.png	image6.png
sensory	sensory_head_rotation.png	image6.png
sensory	sensory_controller_motion.png	image6.png
flow	flow_01_prepare.png	image9.png
flow	flow_02_bell_trace.png	image9.png
flow	flow_03_rainstorm.png	image9.png
flow	flow_04_bell_gaze.png	image9.png
flow	flow_05_tinnitus_purify.png	image9.png
flow	flow_06_boss_tinnitus.png	image9.png
flow	flow_07_forest_ending.png	image9.png
flow_clean	flow_01_prepare_clean.png	S3_icon_prepare_closed_eye_v2.png
flow_clean	flow_02_bell_trace_clean.png	S3_icon_bell_trace_v2.png
flow_clean	flow_03_rainstorm_clean.png	S3_icon_rainstorm_v2.png
flow_clean	flow_04_bell_gaze_clean.png	S3_icon_bell_gaze_v2.png
flow_clean	flow_05_tinnitus_purify_clean.png	S3_icon_tinnitus_purify_v2.png
flow_clean	flow_06_boss_tinnitus_clean.png	S3_icon_boss_tinnitus_v2.png
flow_clean	flow_07_forest_ending_clean.png	S3_icon_forest_ending_v2.png
legend	legend_bell.png	image9.png
legend	legend_rain.png	image9.png
legend	legend_tinnitus.png	image9.png
legend	legend_wall.png	image9.png
legend	legend_pad.png	image9.png
tech	tech_audio_input.png	image9.png
tech	tech_head_rotation_input.png	image9.png
tech	tech_controller_pose.png	image9.png
tech	tech_runtime_logic.png	image9.png
tech	tech_feedback_output.png	image9.png
tech	tech_immersive_experience.png	image9.png
modules	module_head.png	S2_tracking_pipeline_v2.png
modules	module_pad.png	S2_tracking_pipeline_v2.png
modules	module_aruco_camera.png	S2_tracking_pipeline_v2.png
modules	module_pose_fusion.png	S2_tracking_pipeline_v2.png
modules	module_feedback_loop.png	S2_tracking_pipeline_v2.png
colors	color_bell_green.png	S2_background_purpose_panel_v2.png
colors	color_wall_cyan.png	S2_background_purpose_panel_v2.png
colors	color_rain_deep_blue.png	S2_background_purpose_panel_v2.png
colors	color_tinnitus_violet.png	S2_background_purpose_panel_v2.png
colors	color_pad_orange.png	S2_background_purpose_panel_v2.png
